City_ID,City,Country,Date,Lat,Lng,Max Temp,Humidity,Cloudiness,Wind Speed
0,Teya,RU,2022-05-06 20:53:55,60.3778,92.6267,32.94,95,60,4.38
1,Airai,TL,2022-05-06 20:53:56,-8.9266,125.4092,58.64,93,8,3.53
2,Avarua,CK,2022-05-06 20:53:01,-21.2078,-159.775,84.25,70,3,5.75
3,Vaini,TO,2022-05-06 20:53:57,-21.2,-175.2,75.36,88,40,5.75
4,Cape Town,ZA,2022-05-06 20:53:57,-33.9258,18.4232,57.9,88,75,11.01
5,Busselton,AU,2022-05-06 20:53:58,-33.65,115.3333,55.02,59,0,7.11
6,Sirsa,IN,2022-05-06 20:53:58,29.5333,75.0167,87.49,23,0,6.06
7,Muros,ES,2022-05-06 20:53:59,42.7762,-9.0603,64.83,63,78,10.76
8,Upernavik,GL,2022-05-06 20:53:59,72.7868,-56.1549,15.8,80,0,7.47
9,Merauke,ID,2022-05-06 20:54:00,-8.4667,140.3333,79.3,86,38,13.44
10,Santa Isabel Do Rio Negro,BR,2022-05-06 20:54:00,-0.4139,-65.0192,75.49,98,100,2.86
11,Half Moon Bay,US,2022-05-06 20:54:01,37.4636,-122.4286,79.41,75,75,13.8
12,Letlhakane,BW,2022-05-06 20:54:02,-21.4167,25.5833,65.35,36,0,3.24
13,Dikson,RU,2022-05-06 20:54:02,73.5069,80.5464,15.66,95,100,13.06
14,Lebu,CL,2022-05-06 20:54:03,-37.6167,-73.65,55.67,86,89,9.15
15,Castro,BR,2022-05-06 20:54:03,-24.7911,-50.0119,57.85,83,8,4.41
16,Port Alfred,ZA,2022-05-06 20:54:04,-33.5906,26.891,66.18,87,100,5.01
17,Husavik,IS,2022-05-06 20:54:04,66.0449,-17.3389,34.34,71,77,4.65
18,Tessalit,ML,2022-05-06 20:54:05,20.1986,1.0114,89.1,14,100,9.15
19,Touros,BR,2022-05-06 20:50:25,-5.1989,-35.4608,77.95,89,63,12.03
20,Hermanus,ZA,2022-05-06 20:54:06,-34.4187,19.2345,55.8,89,100,0.45
21,Ledyard,US,2022-05-06 20:54:06,41.4398,-72.0142,57.38,85,100,5.75
22,Ushuaia,AR,2022-05-06 20:51:16,-54.8,-68.3,42.46,56,20,10.36
23,New Norfolk,AU,2022-05-06 20:54:07,-42.7826,147.0587,49.66,74,100,5.01
24,Hamilton,US,2022-05-06 20:53:13,39.1834,-84.5333,71.2,88,100,4.61
25,Rikitea,PF,2022-05-06 20:54:08,-23.1203,-134.9692,77.86,84,78,15.12
26,Caravelas,BR,2022-05-06 20:54:08,-17.7125,-39.2481,76.12,85,43,2.59
27,Saint-Philippe,RE,2022-05-06 20:54:09,-21.3585,55.7679,71.19,79,49,15.79
28,Mackenzie,CA,2022-05-06 20:54:09,55.2999,-123.1698,44.82,76,100,2.3
29,Mount Gambier,AU,2022-05-06 20:54:10,-37.8333,140.7667,49.91,93,75,8.05
30,Kapaa,US,2022-05-06 20:54:10,22.0752,-159.319,80.58,81,100,5.99
31,Pevek,RU,2022-05-06 20:51:04,69.7008,170.3133,29.89,83,100,0.65
32,Ereymentau,KZ,2022-05-06 20:54:11,51.6199,73.1033,42.35,53,83,11.92
33,Japura,ID,2022-05-06 20:54:12,-0.3167,102.35,75.45,98,100,1.54
34,Kruisfontein,ZA,2022-05-06 20:51:05,-34.0033,24.7314,59.5,83,94,10.54
35,Hilo,US,2022-05-06 20:54:12,19.7297,-155.09,85.28,89,100,4.61
36,Sonoita,MX,2022-05-06 20:54:13,31.85,-112.8333,95.0,7,0,15.21
37,Potam,MX,2022-05-06 20:54:14,27.6,-110.3833,91.58,21,0,14.29
38,Qaanaaq,GL,2022-05-06 20:54:14,77.484,-69.3632,19.98,76,100,2.68
39,Atuona,PF,2022-05-06 20:52:10,-9.8,-139.0333,79.0,75,26,15.43
40,Bredasdorp,ZA,2022-05-06 20:54:15,-34.5322,20.0403,56.37,90,100,3.24
41,Bria,CF,2022-05-06 20:54:15,6.5423,21.9863,70.81,93,100,3.69
42,Guerrero Negro,MX,2022-05-06 20:54:04,27.9769,-114.0611,71.51,55,3,17.05
43,Yatou,CN,2022-05-06 20:54:16,37.15,122.3833,53.89,78,100,8.97
44,Khatanga,RU,2022-05-06 20:54:17,71.9667,102.5,12.99,88,100,22.64
45,Geraldton,AU,2022-05-06 20:54:17,-28.7667,114.6,57.61,51,0,9.22
46,Ponta Do Sol,PT,2022-05-06 20:54:18,32.6667,-17.1,68.63,66,41,4.92
47,Nome,US,2022-05-06 20:55:19,64.5011,-165.4064,34.16,80,9,4.52
48,Namatanai,PG,2022-05-06 20:55:19,-3.6667,152.4333,80.44,80,95,7.9
49,Albany,US,2022-05-06 20:50:22,42.6001,-73.9662,62.89,47,100,1.01
50,Conde,BR,2022-05-06 20:55:20,-7.2597,-34.9075,80.06,74,75,6.91
51,Punta Arenas,CL,2022-05-06 20:55:20,-53.15,-70.9167,44.71,76,40,10.36
52,Ribeira Grande,PT,2022-05-06 20:55:21,38.5167,-28.7,64.8,68,20,10.36
53,Hobart,AU,2022-05-06 20:55:21,-42.8794,147.3294,50.02,86,75,13.8
54,Mataura,NZ,2022-05-06 20:55:22,-46.1927,168.8643,51.48,85,100,3.62
55,Garowe,SO,2022-05-06 20:55:22,8.4054,48.4845,83.89,59,2,15.75
56,Bluff,NZ,2022-05-06 20:55:24,-46.6,168.3333,51.8,87,99,10.56
57,Kieta,PG,2022-05-06 20:55:25,-6.2167,155.6333,81.25,83,21,4.74
58,Rio Claro,BR,2022-05-06 20:55:25,-22.4114,-47.5614,64.45,71,0,4.88
59,Paramonga,PE,2022-05-06 20:55:26,-10.6667,-77.8333,69.44,77,15,9.35
60,Richards Bay,ZA,2022-05-06 20:55:26,-28.783,32.0377,65.77,92,0,6.11
61,Tessaoua,NE,2022-05-06 20:55:27,13.7574,7.9874,93.58,21,100,8.48
62,Tiznit,MA,2022-05-06 20:55:27,29.5833,-9.5,72.54,32,27,2.37
63,Kralendijk,BQ,2022-05-06 20:55:28,12.15,-68.2667,79.92,85,96,18.16
64,Lodja,CD,2022-05-06 20:55:28,-3.4833,23.4333,71.15,95,100,1.19
65,Kaitangata,NZ,2022-05-06 20:55:29,-46.2817,169.8464,52.88,80,78,4.18
66,Lompoc,US,2022-05-06 20:54:48,34.6391,-120.4579,77.85,70,0,32.01
67,Lagos,NG,2022-05-06 20:54:50,6.5833,3.75,77.32,92,100,2.93
68,Ilulissat,GL,2022-05-06 20:55:30,69.2167,-51.1,25.97,76,8,6.69
69,Arraial Do Cabo,BR,2022-05-06 20:55:30,-22.9661,-42.0278,75.06,73,0,14.97
70,Victoria,HK,2022-05-06 20:55:19,22.2855,114.1577,77.38,85,100,5.99
71,Chapais,CA,2022-05-06 20:55:31,49.7834,-74.8492,40.78,42,28,9.93
72,Ust-Maya,RU,2022-05-06 20:55:32,60.4167,134.5333,33.24,81,11,5.95
73,Kupang,ID,2022-05-06 20:55:33,-10.1667,123.5833,78.4,85,11,10.29
74,Nanortalik,GL,2022-05-06 20:55:33,60.1432,-45.2371,34.36,98,100,0.51
75,Tasiilaq,GL,2022-05-06 20:55:34,65.6145,-37.6368,22.6,64,9,4.25
76,Kapoeta,SS,2022-05-06 20:55:35,4.7717,33.5903,82.96,42,50,7.27
77,Narsaq,GL,2022-05-06 20:55:36,60.9167,-46.05,34.79,100,100,1.52
78,Bonthe,SL,2022-05-06 20:55:36,7.5264,-12.505,80.74,86,30,6.17
79,Carnarvon,AU,2022-05-06 20:55:37,-24.8667,113.6333,60.87,59,40,6.91
80,Zigong,CN,2022-05-06 20:55:38,29.3416,104.7769,72.75,78,11,1.57
81,Umba,RU,2022-05-06 20:55:38,66.6871,34.3429,36.68,92,59,9.69
82,Kahului,US,2022-05-06 20:55:39,20.8947,-156.47,79.97,86,97,25.01
83,North Platte,US,2022-05-06 20:55:40,41.1239,-100.7654,82.11,34,76,8.01
84,Georgetown,MY,2022-05-06 20:54:20,5.4112,100.3354,82.33,93,20,3.44
85,Isangel,VU,2022-05-06 20:55:41,-19.55,169.2667,78.13,73,11,16.37
86,Provideniya,RU,2022-05-06 20:55:42,64.3833,-173.3,33.15,71,13,7.61
87,Bethel,US,2022-05-06 20:53:22,41.3712,-73.414,57.18,87,100,5.46
88,Vao,NC,2022-05-06 20:55:43,-22.6667,167.4833,75.09,67,55,21.59
89,Kodiak,US,2022-05-06 20:55:44,57.79,-152.4072,42.82,79,100,9.46
90,Meadow Lake,US,2022-05-06 20:54:59,34.8014,-106.5436,86.61,7,67,13.96
91,Flin Flon,CA,2022-05-06 20:56:44,54.7682,-101.865,62.44,48,100,11.5
92,Batagay-Alyta,RU,2022-05-06 20:56:45,67.8006,130.4114,17.04,81,94,5.64
93,Oksfjord,NO,2022-05-06 20:56:45,70.2396,22.3479,44.67,91,100,8.14
94,Alice Springs,AU,2022-05-06 20:56:46,-23.7,133.8833,36.95,70,30,0.0
95,Ketchikan,US,2022-05-06 20:56:46,55.3422,-131.6461,47.86,70,88,2.13
96,Bengkulu,ID,2022-05-06 20:56:47,-3.8004,102.2655,76.46,90,100,5.86
97,Mahebourg,MU,2022-05-06 20:55:09,-20.4081,57.7,77.29,73,20,11.5
98,Zyryanka,RU,2022-05-06 20:56:48,65.75,150.85,31.37,90,96,7.61
99,Okha,RU,2022-05-06 20:56:48,53.5739,142.9478,30.27,91,93,21.72
100,Mehamn,NO,2022-05-06 20:56:49,71.0357,27.8492,39.15,81,0,21.85
101,Nikolskoye,RU,2022-05-06 20:56:50,59.7035,30.7861,46.29,95,17,6.13
102,Rayevskiy,RU,2022-05-06 20:56:51,54.0658,54.9468,37.22,58,1,3.11
103,Piedmont,US,2022-05-06 20:55:04,37.8244,-122.2316,74.43,80,95,5.99
104,East London,ZA,2022-05-06 20:56:52,-33.0153,27.9116,68.49,81,93,12.08
105,Gamba,GA,2022-05-06 20:56:52,-2.65,10.0,78.58,91,100,6.11
106,Brae,GB,2022-05-06 20:56:53,60.3964,-1.353,45.55,71,20,15.1
107,Jiblah,YE,2022-05-06 20:56:54,13.9216,44.1467,66.51,60,28,2.86
108,Puerto Ayora,EC,2022-05-06 20:56:54,-0.7393,-90.3518,80.56,79,99,9.8
109,Lampang,TH,2022-05-06 20:56:55,18.3333,99.5,79.86,87,91,1.54
110,Waingapu,ID,2022-05-06 20:56:56,-9.6567,120.2641,78.04,87,50,6.35
111,Dauphin,CA,2022-05-06 20:56:57,51.1494,-100.0502,62.74,55,100,23.02
112,Cubara,CO,2022-05-06 20:56:57,7.0008,-72.1085,79.32,89,71,1.72
113,Kapiri Mposhi,ZM,2022-05-06 20:56:58,-13.9652,28.6809,59.61,87,4,4.27
114,Cajabamba,PE,2022-05-06 20:56:59,-7.6167,-78.05,68.52,48,34,5.86
115,Barabai,ID,2022-05-06 20:56:59,-2.5833,115.3833,74.1,96,83,2.13
116,Hasaki,JP,2022-05-06 20:57:00,35.7333,140.8333,63.0,85,100,9.51
117,Leer,DE,2022-05-06 20:57:01,53.2316,7.461,56.95,82,42,1.81
118,Tupik,RU,2022-05-06 20:57:01,54.4253,119.9327,30.02,64,8,4.29
119,Hovd,MN,2022-05-06 20:57:02,48.0056,91.6419,52.18,38,0,3.69
120,Kushmurun,KZ,2022-05-06 20:57:03,52.4503,64.6311,40.57,47,43,7.47
121,Iskateley,RU,2022-05-06 20:57:08,67.6803,53.1512,28.56,87,100,14.27
122,Pacific Grove,US,2022-05-06 20:57:08,36.6177,-121.9166,75.38,74,9,8.01
123,Beyneu,KZ,2022-05-06 20:57:09,45.3167,55.2,60.71,57,51,22.79
124,Bambui,BR,2022-05-06 20:57:10,-20.0064,-45.9769,75.0,49,92,5.41
125,Butaritari,KI,2022-05-06 20:57:11,3.0707,172.7902,81.16,74,100,12.64
126,Gat,IL,2022-05-06 20:57:11,31.61,34.7642,61.81,100,0,4.27
127,Tuktoyaktuk,CA,2022-05-06 20:57:12,69.4541,-133.0374,28.4,86,100,11.5
128,Longyearbyen,SJ,2022-05-06 20:57:13,78.2186,15.6401,24.64,63,75,3.44
129,Yulara,AU,2022-05-06 20:57:14,-25.2406,130.9889,42.64,61,0,8.05
130,Rio Linda,US,2022-05-06 20:57:14,38.691,-121.4486,76.05,53,100,13.8
131,Coquimbo,CL,2022-05-06 20:57:15,-29.9533,-71.3436,58.73,82,0,11.5
132,Deputatskiy,RU,2022-05-06 20:57:16,69.3,139.9,17.04,96,100,2.51
133,Solnechnyy,RU,2022-05-06 20:57:16,50.7214,136.6319,35.28,84,16,2.17
134,Kununurra,AU,2022-05-06 20:53:23,-15.7667,128.7333,73.38,28,0,12.66
135,Grindavik,IS,2022-05-06 20:58:17,63.8424,-22.4338,41.47,75,75,18.41
136,Hervey Bay,AU,2022-05-06 20:58:18,-25.2986,152.8535,71.31,89,97,5.75
137,Ngaoundere,CM,2022-05-06 20:58:18,7.3167,13.5833,66.42,88,100,2.91
138,Kaarst,DE,2022-05-06 20:58:19,51.2333,6.6167,62.02,74,0,1.14
139,Acari,PE,2022-05-06 20:58:19,-15.4311,-74.6158,75.81,63,18,8.9
140,Hay River,CA,2022-05-06 20:58:20,60.8156,-115.7999,39.18,81,100,10.36
141,Fare,PF,2022-05-06 20:58:20,-16.7,-151.0167,81.28,75,0,4.99
142,Rawson,AR,2022-05-06 20:58:21,-43.3002,-65.1023,65.25,44,89,12.48
143,Siguiri,GN,2022-05-06 20:58:22,11.6667,-9.5,92.66,21,40,3.67
144,Mizdah,LY,2022-05-06 20:58:22,31.4451,12.9801,64.45,43,0,7.76
145,Pottsville,US,2022-05-06 20:57:17,40.6857,-76.1955,52.95,96,100,5.01
146,Limoges,FR,2022-05-06 20:58:23,45.75,1.3333,59.56,63,0,6.91
147,Aneho,TG,2022-05-06 20:58:24,6.2333,1.6,75.4,83,100,3.33
148,Ullapool,GB,2022-05-06 20:58:24,57.8987,-5.1604,44.35,84,90,2.8
149,Barrow,US,2022-05-06 20:57:56,71.2906,-156.7887,19.42,93,100,18.41
150,Predivinsk,RU,2022-05-06 20:58:25,57.0669,93.4378,43.34,66,11,5.93
151,Si Sa Ket,TH,2022-05-06 20:58:25,14.8333,104.3333,81.21,86,97,3.44
152,San Cristobal,VE,2022-05-06 20:58:20,7.7669,-72.225,71.78,74,81,3.74
153,Chokurdakh,RU,2022-05-06 20:58:26,70.6333,147.9167,18.72,94,100,3.33
154,Neiafu,TO,2022-05-06 20:58:27,-18.65,-173.9833,79.48,83,40,0.0
155,Mecca,SA,2022-05-06 20:58:27,21.4267,39.8261,76.86,46,0,7.92
156,Mar Del Plata,AR,2022-05-06 20:56:03,-38.0023,-57.5575,60.82,87,0,6.91
157,Nara,JP,2022-05-06 20:57:44,34.6851,135.8049,60.49,69,5,2.37
158,Jamestown,US,2022-05-06 20:54:00,42.097,-79.2353,57.52,91,100,10.36
159,Leningradskiy,RU,2022-05-06 20:58:28,69.3833,178.4167,21.04,90,100,8.23
160,Novyy Urgal,RU,2022-05-06 20:58:29,51.0736,132.5642,32.38,90,77,0.89
161,Saldanha,ZA,2022-05-06 20:58:29,-33.0117,17.9442,55.45,90,38,14.12
162,Virginia Beach,US,2022-05-06 20:58:29,36.8529,-75.978,75.22,90,100,1.01
163,Sao Filipe,CV,2022-05-06 20:58:30,14.8961,-24.4956,74.19,77,1,8.57
164,Thompson,CA,2022-05-06 20:58:31,55.7435,-97.8558,62.76,48,75,6.91
165,Primo Tapia,MX,2022-05-06 20:58:31,32.22,-116.9172,87.87,52,15,8.68
166,Yangambi,CD,2022-05-06 20:58:32,0.8102,24.4336,68.95,98,100,1.99
167,Santa Maria Del Oro,MX,2022-05-06 20:58:32,25.9333,-105.3667,89.4,5,0,5.79
168,Dingle,PH,2022-05-06 20:58:33,10.9995,122.6711,77.95,88,39,7.05
169,Lianzhou,CN,2022-05-06 20:58:33,24.7811,112.3825,71.37,96,97,1.41
170,Liku,ID,2022-05-06 20:58:34,-0.7275,119.8922,76.08,89,99,3.31
171,Constitucion,CL,2022-05-06 20:58:34,-35.3333,-72.4167,61.57,65,1,14.79
172,Palmer,US,2022-05-06 20:58:35,42.1584,-72.3287,64.15,42,100,3.33
173,Jinxiang,CN,2022-05-06 20:58:35,27.4327,120.6062,64.94,89,72,3.94
174,Andijon,UZ,2022-05-06 20:57:03,40.7821,72.3442,63.68,58,12,6.06
175,Lasa,IT,2022-05-06 20:58:36,46.6166,10.7002,50.68,98,100,3.58
176,Faya,SA,2022-05-06 20:58:37,18.3851,42.4509,66.31,60,18,1.43
177,Riverton,US,2022-05-06 20:54:55,40.5219,-111.9391,78.3,30,0,4.0
178,Taltal,CL,2022-05-06 20:58:37,-25.4,-70.4833,64.27,79,100,4.81
179,Trinidad,BO,2022-05-06 20:58:38,-14.8333,-64.9,87.78,35,0,3.44
180,Ouadda,CF,2022-05-06 20:58:38,8.0777,22.4007,69.44,95,100,3.58
181,Balakhninskiy,RU,2022-05-06 20:58:39,58.0106,114.2769,24.87,95,54,2.91
182,Portland,US,2022-05-06 20:54:38,45.5234,-122.6762,58.6,90,99,11.01
183,Rocha,UY,2022-05-06 20:59:40,-34.4833,-54.3333,58.75,86,4,2.21
184,Maniitsoq,GL,2022-05-06 20:59:40,65.4167,-52.9,31.53,73,0,4.68
185,Bonavista,CA,2022-05-06 20:59:41,48.6499,-53.1147,33.06,80,100,23.44
186,Seoul,KR,2022-05-06 20:58:11,37.5683,126.9778,63.79,85,75,5.75
187,Tiksi,RU,2022-05-06 20:57:58,71.6872,128.8694,20.12,87,100,21.09
188,Valleyview,CA,2022-05-06 20:59:42,55.0667,-117.2859,38.17,97,100,17.29
189,Coahuayana,MX,2022-05-06 20:59:44,18.7333,-103.6833,88.14,46,79,8.16
190,Iqaluit,CA,2022-05-06 20:59:45,63.7506,-68.5145,19.13,79,20,21.85
191,Kozachi Laheri,UA,2022-05-06 20:59:46,46.7037,32.9776,47.66,71,39,5.41
192,Nsukka,NG,2022-05-06 20:59:46,6.8561,7.3927,75.33,87,100,0.81
193,Mama,RU,2022-05-06 20:59:47,58.3106,112.8986,27.77,94,54,4.7
194,Chuy,UY,2022-05-06 20:59:47,-33.6971,-53.4616,61.02,76,0,1.59
195,Qurbus,TN,2022-05-06 20:59:48,36.8167,10.5687,62.94,76,38,24.11
196,Saskylakh,RU,2022-05-06 20:59:48,71.9167,114.0833,15.39,86,85,19.06
197,Lethem,GY,2022-05-06 20:59:49,3.3803,-59.7968,87.96,58,95,7.0
198,Krieglach,AT,2022-05-06 20:59:49,47.5333,15.55,56.61,92,100,2.66
199,Ambanja,MG,2022-05-06 20:59:50,-13.6833,48.45,73.56,88,4,3.56
200,Severo-Kurilsk,RU,2022-05-06 20:59:50,50.6789,156.125,41.02,81,64,8.93
201,Anadyr,RU,2022-05-06 20:59:32,64.75,177.4833,30.7,86,75,11.18
202,Saint-Joseph,RE,2022-05-06 20:59:51,-21.3667,55.6167,70.18,76,33,14.88
203,Wakkanai,JP,2022-05-06 20:59:51,45.4094,141.6739,46.65,93,100,8.63
204,Bambous Virieux,MU,2022-05-06 20:59:52,-20.3428,57.7575,77.25,73,20,11.5
205,Klaksvik,FO,2022-05-06 20:59:52,62.2266,-6.589,40.12,61,84,15.48
206,Eldorado,BR,2022-05-06 20:55:34,-23.7869,-54.2836,66.51,79,23,4.09
207,Newport,GB,2022-05-06 20:56:59,51.5877,-2.9984,56.44,91,100,12.06
208,Hithadhoo,MV,2022-05-06 20:59:54,-0.6,73.0833,83.64,75,13,16.42
209,Salalah,OM,2022-05-06 20:59:54,17.0151,54.0924,80.33,84,5,5.5
210,Flinders,AU,2022-05-06 20:59:55,-34.5833,150.8552,51.39,71,3,3.0
211,Mutata,CO,2022-05-06 20:59:55,7.2441,-76.4356,78.3,94,86,1.74
212,Pierre,US,2022-05-06 20:59:56,44.3683,-100.351,74.86,44,12,14.0
213,Beringovskiy,RU,2022-05-06 20:59:56,63.05,179.3167,30.07,85,100,5.77
214,Binga,ZW,2022-05-06 20:59:57,-17.6203,27.3414,72.37,59,97,1.74
215,Opuwo,NA,2022-05-06 20:59:57,-18.0607,13.84,64.11,38,0,5.19
216,Shingu,JP,2022-05-06 20:59:58,33.7333,135.9833,61.09,84,98,6.91
217,Izumo,JP,2022-05-06 20:59:58,35.3667,132.7667,62.55,73,92,4.38
218,Caracuaro,MX,2022-05-06 20:59:59,19.0106,-101.1264,103.64,14,47,6.64
219,Sfantu Gheorghe,RO,2022-05-06 20:59:59,45.8667,25.7833,50.83,75,42,3.67
220,Ahuimanu,US,2022-05-06 21:00:00,21.4447,-157.8378,77.76,77,100,8.01
221,Vanino,RU,2022-05-06 21:00:01,49.0869,140.2543,45.5,61,42,4.97
222,Lavrentiya,RU,2022-05-06 21:00:02,65.5833,-171.0,19.98,85,57,4.85
223,Chake Chake,TZ,2022-05-06 21:00:03,-5.2459,39.7666,76.57,90,97,10.36
224,Saint George,US,2022-05-06 20:57:41,37.1041,-113.5841,92.79,9,1,5.99
225,Hammerfest,NO,2022-05-06 21:00:04,70.6634,23.6821,45.05,65,75,3.44
226,Healesville,AU,2022-05-06 21:00:05,-37.65,145.5167,50.9,88,100,4.0
227,Meulaboh,ID,2022-05-06 21:00:07,4.1363,96.1285,75.15,89,100,5.26
228,Arcata,US,2022-05-06 21:00:09,40.8665,-124.0828,62.74,83,100,14.38
229,Sao Felix Do Xingu,BR,2022-05-06 21:00:10,-6.6447,-51.995,80.37,78,58,3.11
230,Hambantota,LK,2022-05-06 21:00:10,6.1241,81.1185,79.9,86,100,10.78
231,San Javier,ES,2022-05-06 21:01:11,37.8063,-0.8374,64.58,73,0,8.05
232,Hofn,IS,2022-05-06 21:01:11,64.2539,-15.2082,42.39,48,9,7.81
233,San Policarpo,PH,2022-05-06 21:01:12,12.1791,125.5072,81.21,82,30,11.97
234,Korla,CN,2022-05-06 21:01:13,41.7597,86.1469,69.53,42,31,11.34
235,Alihe,CN,2022-05-06 21:01:13,50.5667,123.7167,32.31,42,68,4.05
236,Taywarah,AF,2022-05-06 21:01:14,33.35,64.4167,54.91,36,0,5.28
237,Lac-Megantic,CA,2022-05-06 21:01:14,45.5834,-70.8823,51.51,40,13,8.12
238,Rey Bouba,CM,2022-05-06 21:01:15,8.6724,14.1786,85.48,53,88,5.88
239,Kavaratti,IN,2022-05-06 21:01:15,10.5669,72.642,85.14,69,97,10.87
240,Yellowknife,CA,2022-05-06 20:59:18,62.456,-114.3525,55.92,47,75,14.97
241,Katsuura,JP,2022-05-06 21:01:16,35.1333,140.3,64.45,87,99,14.7
242,Sheffield,GB,2022-05-06 20:59:16,53.383,-1.4659,56.35,91,100,2.35
243,Paros,GR,2022-05-06 21:01:17,37.0833,25.15,63.32,65,100,15.73
244,Talnakh,RU,2022-05-06 21:01:18,69.4865,88.3972,6.64,96,98,3.83
245,Sinnamary,GF,2022-05-06 21:00:40,5.3833,-52.95,75.97,92,100,9.89
246,Ixtapa,MX,2022-05-06 21:00:20,20.7,-105.2,91.29,38,92,8.39
247,North Bend,US,2022-05-06 20:57:26,43.4065,-124.2243,58.86,95,100,23.11
248,Labuhan,ID,2022-05-06 21:01:19,-6.8844,112.2051,78.3,89,69,4.92
249,Sakakah,SA,2022-05-06 21:01:19,29.9697,40.2064,66.27,37,0,8.77
250,Groningen,NL,2022-05-06 21:01:20,53.25,6.75,57.16,82,40,2.3
251,Port Hedland,AU,2022-05-06 21:01:20,-20.3167,118.5667,73.45,43,0,11.5
252,Luderitz,NA,2022-05-06 21:01:21,-26.6481,15.1594,58.03,83,3,13.82
253,Zhigansk,RU,2022-05-06 20:59:31,66.7697,123.3711,23.14,85,100,12.82
254,Phatthalung,TH,2022-05-06 21:01:22,7.5,100.0833,78.46,91,100,1.88
255,Issoire,FR,2022-05-06 21:01:22,45.55,3.25,60.06,88,66,6.13
256,Ekibastuz,KZ,2022-05-06 21:01:23,51.6667,75.3667,48.58,42,94,15.37
257,Tura,IN,2022-05-06 21:00:44,25.5198,90.2201,70.41,85,5,3.27
258,Simdega,IN,2022-05-06 21:01:23,22.6167,84.5167,78.96,34,47,4.68
259,Avera,US,2022-05-06 21:01:24,33.194,-82.5271,82.45,85,100,19.82
260,Nalut,LY,2022-05-06 21:01:25,30.3333,10.85,69.67,36,0,12.28
261,Mangrol,IN,2022-05-06 21:01:25,21.1167,70.1167,81.52,76,0,12.28
262,Kazanskoye,RU,2022-05-06 21:01:26,55.6448,69.235,36.66,58,5,12.73
263,Haines Junction,CA,2022-05-06 21:01:26,60.7522,-137.5108,41.58,62,79,4.25
264,Derzhavinsk,KZ,2022-05-06 21:01:27,51.1,66.3167,47.12,39,100,14.92
265,Dunedin,NZ,2022-05-06 21:01:27,-45.8742,170.5036,60.8,88,99,1.99
266,Torbay,CA,2022-05-06 21:01:28,47.6666,-52.7314,38.28,89,100,14.97
267,Dzilam Gonzalez,MX,2022-05-06 21:01:29,21.2833,-88.9333,95.02,43,49,5.99
268,San Patricio,US,2022-05-06 21:01:29,28.017,-97.5169,93.92,50,0,18.05
269,Olafsvik,IS,2022-05-06 20:57:23,64.8945,-23.7142,40.77,70,97,20.8
270,Barahona,DO,2022-05-06 21:00:02,18.2085,-71.1008,81.97,70,15,9.75
271,Narva-Joesuu,EE,2022-05-06 21:01:31,59.4589,28.0408,46.47,74,78,5.75
272,Pak Chong,TH,2022-05-06 21:01:32,14.708,101.4161,76.82,89,100,1.99
273,Itarema,BR,2022-05-06 21:00:51,-2.9248,-39.9167,77.36,88,100,13.67
274,Emerald,AU,2022-05-06 21:01:33,-23.5333,148.1667,62.35,71,100,13.67
275,Codo,BR,2022-05-06 21:01:33,-4.4553,-43.8856,81.14,75,89,2.93
276,Guarapari,BR,2022-05-06 21:01:34,-20.6667,-40.4975,73.49,79,75,9.53
277,Lata,PT,2022-05-06 21:01:34,40.1629,-8.3327,57.99,73,44,1.1
278,Huarmey,PE,2022-05-06 21:01:35,-10.0681,-78.1522,70.93,75,6,10.98
279,Poum,NC,2022-05-06 21:02:35,-20.2333,164.0167,76.57,73,1,13.24
280,Norman Wells,CA,2022-05-06 21:02:36,65.282,-126.8329,43.41,57,92,3.31
281,Bilma,NE,2022-05-06 21:02:36,18.6853,12.9164,92.73,12,58,7.85
282,Shubarshi,KZ,2022-05-06 21:02:37,48.5872,57.1869,49.32,50,100,13.24
283,Ascension,US,2022-05-06 21:02:37,30.2169,-90.9001,90.09,54,0,11.5
284,Aksehir,TR,2022-05-06 21:02:38,38.3575,31.4164,44.17,80,71,8.25
285,Caapora,BR,2022-05-06 21:02:39,-7.5156,-34.9083,76.89,87,69,8.01
286,Pedasi,PA,2022-05-06 21:02:39,7.5333,-80.0333,79.2,80,98,8.55
287,Ishimbay,RU,2022-05-06 21:02:40,53.4545,56.0415,34.25,59,0,1.57
288,Kedrovyy,RU,2022-05-06 21:02:40,56.1667,91.8167,34.21,53,80,9.64
289,Port Elizabeth,ZA,2022-05-06 21:02:41,-33.918,25.5701,61.32,86,93,5.99
290,Kavieng,PG,2022-05-06 21:02:41,-2.5744,150.7967,83.03,77,80,12.68
291,Vaitape,PF,2022-05-06 21:02:42,-16.5167,-151.75,81.46,73,3,2.82
292,Wichian Buri,TH,2022-05-06 21:02:42,15.6578,101.106,78.94,84,100,5.14
293,Linxia,CN,2022-05-06 21:02:43,35.6003,103.2064,58.75,58,0,2.39
294,Cockburn Town,TC,2022-05-06 21:02:44,21.4612,-71.1419,78.78,80,9,12.33
295,Kindu,CD,2022-05-06 21:02:44,-2.95,25.95,68.81,99,95,2.42
296,Methoni,GR,2022-05-06 21:02:45,36.8197,21.7049,65.21,72,6,10.07
297,Cidreira,BR,2022-05-06 21:02:45,-30.1811,-50.2056,63.93,66,46,3.51
298,San Juan De Uraba,CO,2022-05-06 21:02:46,8.7592,-76.5297,80.8,80,100,3.04
299,Pitimbu,BR,2022-05-06 21:02:46,-7.4706,-34.8086,79.5,82,58,11.74
300,Mogadishu,SO,2022-05-06 21:00:13,2.0371,45.3438,81.77,80,76,15.86
301,Cherskiy,RU,2022-05-06 21:02:47,68.75,161.3,32.41,100,100,3.44
302,Itanhaem,BR,2022-05-06 21:02:48,-24.1831,-46.7889,67.93,76,43,5.88
303,Iguape,BR,2022-05-06 21:02:48,-24.7081,-47.5553,67.48,75,11,7.63
304,Yicheng,CN,2022-05-06 21:02:49,31.3705,119.8703,64.72,93,47,5.79
305,Olinda,BR,2022-05-06 21:02:49,-8.0089,-34.8553,82.13,74,75,10.36
306,Sumbawanga,TZ,2022-05-06 21:02:21,-7.9667,31.6167,56.1,87,81,2.93
307,Bathsheba,BB,2022-05-06 21:01:09,13.2167,-59.5167,79.66,73,100,14.16
308,Vestmannaeyjar,IS,2022-05-06 21:02:51,63.4427,-20.2734,41.16,58,34,14.07
309,Gualeguay,AR,2022-05-06 21:02:51,-33.1416,-59.3097,67.48,70,16,5.48
310,Sitka,US,2022-05-06 21:02:52,57.0531,-135.33,46.33,70,86,5.03
311,Tarauaca,BR,2022-05-06 21:02:52,-8.1614,-70.7656,82.26,70,95,1.99
312,Vanimo,PG,2022-05-06 21:02:53,-2.6741,141.3028,77.79,91,92,4.97
313,Thunder Bay,CA,2022-05-06 21:01:54,48.4001,-89.3168,49.86,62,24,7.72
314,Ca Mau,VN,2022-05-06 21:02:53,9.1769,105.15,79.56,88,100,5.08
315,Adelaide,AU,2022-05-06 20:58:36,-34.9333,138.6,50.29,86,75,8.05
316,Saint-Augustin,CA,2022-05-06 21:02:54,51.226,-58.6502,38.75,52,100,13.78
317,Devonport,AU,2022-05-06 21:02:55,-41.1667,146.35,50.02,85,79,11.83
318,Burnie,AU,2022-05-06 21:02:55,-41.0667,145.9167,49.95,89,95,14.63
319,Hami,CN,2022-05-06 21:02:56,42.8,93.45,70.75,33,100,5.06
320,Pajapan,MX,2022-05-06 21:02:56,18.25,-94.7,87.96,38,3,4.7
321,Gimli,CA,2022-05-06 21:02:57,50.6336,-96.9907,60.39,55,97,17.34
322,Itoman,JP,2022-05-06 21:02:58,26.1247,127.6694,75.22,94,100,5.75
323,Bilibino,RU,2022-05-06 21:03:58,68.0546,166.4372,32.0,99,100,6.04
324,Kot Addu,PK,2022-05-06 21:03:59,30.4692,70.9671,86.09,18,0,4.18
325,Prince Rupert,CA,2022-05-06 21:03:59,54.3161,-130.3201,46.9,67,66,6.11
326,Trairi,BR,2022-05-06 21:04:00,-3.2778,-39.2689,75.72,94,99,9.6
327,Gravdal,NO,2022-05-06 21:04:01,68.1214,13.5031,42.69,70,40,24.16
328,Kouango,CF,2022-05-06 21:04:01,4.9934,19.9619,72.05,97,100,3.71
329,Abingdon,GB,2022-05-06 21:03:55,51.6711,-1.2828,57.18,84,20,6.91
330,Kurchum,KZ,2022-05-06 21:04:02,48.5722,83.6542,59.41,45,1,6.06
331,Esperance,AU,2022-05-06 21:04:02,-33.8667,121.9,53.51,80,0,12.46
332,Naze,JP,2022-05-06 21:04:03,28.3667,129.4833,69.42,82,96,11.05
333,Khulna,BD,2022-05-06 21:04:03,22.8135,89.5672,80.55,78,2,4.36
334,Kushiro,JP,2022-05-06 21:04:04,42.975,144.3747,45.97,93,73,9.64
335,Lagoa,PT,2022-05-06 20:59:24,39.05,-27.9833,60.3,76,5,6.82
336,Shache,CN,2022-05-06 21:04:05,38.4167,77.2406,74.53,27,100,12.12
337,Emba,KZ,2022-05-06 21:04:05,48.8264,58.1442,49.95,44,100,15.05
338,Clyde River,CA,2022-05-06 21:03:20,70.4692,-68.5914,25.16,86,52,6.38
339,Hualmay,PE,2022-05-06 21:04:06,-11.0964,-77.6139,70.57,73,9,10.29
340,Noordwijk,NL,2022-05-06 21:04:07,52.2411,4.4462,60.03,72,100,7.47
341,Roma,US,2022-05-06 20:59:18,43.2128,-75.4557,64.38,42,100,1.99
342,Qaqortoq,GL,2022-05-06 21:04:07,60.7167,-46.0333,34.14,100,100,2.51
343,Pilar,BR,2022-05-06 21:04:08,-9.5972,-35.9567,76.93,86,23,4.74
344,Jilib,SO,2022-05-06 21:04:08,0.4883,42.7854,75.43,95,99,3.91
345,Dutse,NG,2022-05-06 21:04:09,11.7594,9.3392,90.1,29,100,2.51
346,Calama,CL,2022-05-06 20:59:49,-22.4667,-68.9333,70.29,12,0,21.85
347,Onguday,RU,2022-05-06 21:04:10,50.75,86.15,48.61,71,0,4.94
348,Cabo San Lucas,MX,2022-05-06 21:03:13,22.8909,-109.9124,85.05,66,1,4.0
349,Srednekolymsk,RU,2022-05-06 21:04:10,67.45,153.6833,26.85,95,100,10.63
350,Kamalia,PK,2022-05-06 21:02:45,30.7333,72.65,87.03,21,0,7.56
351,Kijang,KR,2022-05-06 21:04:11,35.2442,129.2139,61.54,78,11,5.26
352,Beaverlodge,CA,2022-05-06 21:04:12,55.2166,-119.4361,42.15,96,100,19.69
353,Arvika,SE,2022-05-06 21:04:12,59.6553,12.5852,54.21,85,91,10.71
354,Vila Do Maio,CV,2022-05-06 21:04:13,15.1333,-23.2167,74.19,82,1,15.5
355,Te Anau,NZ,2022-05-06 21:00:52,-45.4167,167.7167,55.29,90,95,3.83
356,Tiarei,PF,2022-05-06 21:04:14,-17.5333,-149.3333,86.02,79,10,6.89
357,Petropavlovsk-Kamchatskiy,RU,2022-05-06 21:04:14,53.0452,158.6483,45.19,34,0,11.18
358,Fort Nelson,CA,2022-05-06 21:04:15,58.8053,-122.7002,51.62,47,100,10.38
359,Sirvintos,LT,2022-05-06 21:04:15,55.05,24.95,53.56,98,49,7.38
360,Kragero,NO,2022-05-06 21:04:16,58.8693,9.4149,51.58,82,100,17.29
361,Micheweni,TZ,2022-05-06 21:04:16,-4.9667,39.8333,77.9,86,92,12.1
362,Fort Portal,UG,2022-05-06 21:04:17,0.6617,30.2748,59.68,97,88,3.49
363,Mackay,AU,2022-05-06 21:04:17,-21.15,149.2,74.68,86,100,7.11
364,Dolores,AR,2022-05-06 21:04:18,-36.3132,-57.6792,61.59,61,0,3.18
365,Angat,PH,2022-05-06 21:04:19,14.9333,121.0333,82.8,83,17,3.49
366,Karratha,AU,2022-05-06 21:04:19,-20.7377,116.8463,75.09,46,5,19.04
367,Odweyne,SO,2022-05-06 21:04:20,9.4092,45.064,79.07,52,86,7.43
368,Novobiryusinskiy,RU,2022-05-06 21:04:24,56.9578,97.7076,42.44,72,1,4.34
369,Kashan,IR,2022-05-06 21:04:25,33.9831,51.4364,73.02,31,4,8.7
370,Vardo,NO,2022-05-06 21:00:45,70.3705,31.1107,39.54,88,99,14.65
371,Aklavik,CA,2022-05-06 21:05:26,68.2191,-135.0107,30.06,82,100,0.76
372,Failsworth,GB,2022-05-06 21:05:26,53.5048,-2.1657,55.9,95,100,2.3
373,Machali,CL,2022-05-06 21:02:07,-34.1833,-70.6667,71.4,33,0,3.94
374,Bucerias,MX,2022-05-06 21:03:28,20.75,-105.3333,82.38,65,20,13.8
375,Tukrah,LY,2022-05-06 21:05:27,32.5341,20.5791,74.32,33,70,28.01
376,Aroysund,NO,2022-05-06 21:05:28,59.1806,10.455,54.75,100,40,16.11
377,Inyonga,TZ,2022-05-06 21:05:28,-6.7167,32.0667,69.19,74,100,4.32
378,Coihaique,CL,2022-05-06 21:05:29,-45.5752,-72.0662,54.21,76,100,6.91
379,Buala,SB,2022-05-06 21:05:29,-8.145,159.5921,82.44,80,68,8.52
380,Denpasar,ID,2022-05-06 21:03:40,-8.65,115.2167,80.26,94,40,5.75
381,Vercelli,IT,2022-05-06 21:05:30,45.3231,8.4153,56.39,89,100,2.86
382,Simao,CN,2022-05-06 21:05:31,22.7886,100.9748,60.21,93,93,1.74
383,Ayan,RU,2022-05-06 21:05:31,56.45,138.1667,32.41,86,100,8.14
384,Santa Fe,AR,2022-05-06 21:05:32,-31.6333,-60.7,73.0,72,100,1.99
385,Vila Franca Do Campo,PT,2022-05-06 21:05:32,37.7167,-25.4333,64.81,90,100,9.98
386,Jiujiang,CN,2022-05-06 21:05:33,29.7333,115.9833,70.59,71,100,3.67
387,Mandal,IN,2022-05-06 21:05:34,25.45,74.5667,86.18,26,12,3.78
388,Asau,RO,2022-05-06 21:05:34,46.4333,26.4,50.92,67,22,2.3
389,Vidalia,US,2022-05-06 21:04:15,32.2177,-82.4135,73.51,88,100,14.97
390,Axim,GH,2022-05-06 21:05:35,4.8699,-2.2405,74.23,93,100,10.38
391,Pimenta Bueno,BR,2022-05-06 21:05:35,-11.6725,-61.1936,81.99,74,13,4.12
392,Bandarbeyla,SO,2022-05-06 21:05:36,9.4942,50.8122,81.72,89,38,9.75
393,Mangai,CD,2022-05-06 21:05:36,-4.05,19.5333,75.13,75,91,0.98
394,La Sarre,CA,2022-05-06 21:05:37,48.8002,-79.1996,51.13,27,0,7.31
395,Rio Grande,BR,2022-05-06 21:05:38,-32.035,-52.0986,62.94,74,20,5.32
396,Phan Thiet,VN,2022-05-06 21:05:38,10.9333,108.1,77.18,83,41,6.06
397,Padang,ID,2022-05-06 21:05:39,-0.9492,100.3543,76.59,94,100,3.65
398,Pringsewu,ID,2022-05-06 21:05:39,-5.3582,104.9744,73.96,98,100,3.09
399,Buinsk,RU,2022-05-06 21:05:40,54.95,48.2833,41.02,58,8,7.38
400,Ambon,ID,2022-05-06 21:05:40,-3.6954,128.1814,77.14,94,20,3.44
401,Linguere,SN,2022-05-06 21:05:41,15.3953,-15.1193,94.59,17,0,11.01
402,Tahoua,NE,2022-05-06 21:05:41,14.8888,5.2692,94.21,17,87,2.06
403,Egvekinot,RU,2022-05-06 21:05:42,66.3167,-179.1667,19.22,93,100,4.0
404,Kidal,ML,2022-05-06 21:05:42,18.4411,1.4078,93.29,15,99,9.82
405,Grand-Santi,GF,2022-05-06 21:05:43,4.25,-54.3833,76.46,97,77,6.08
406,Chongoyape,PE,2022-05-06 21:05:43,-6.6406,-79.3892,82.22,55,40,9.04
407,Vestmanna,FO,2022-05-06 21:05:44,62.1564,-7.1664,38.32,75,40,9.22
408,Ngunguru,NZ,2022-05-06 21:05:45,-35.6167,174.5,63.23,74,16,5.41
409,Seymchan,RU,2022-05-06 21:05:45,62.8833,152.4333,27.77,78,36,0.31
410,Meget,RU,2022-05-06 21:05:46,52.415,104.0494,50.76,61,54,3.98
411,Westport,US,2022-05-06 21:05:47,41.1415,-73.3579,57.85,92,100,1.99
412,Havoysund,NO,2022-05-06 21:05:47,70.9963,24.6622,39.43,83,100,8.19
413,Pascagoula,US,2022-05-06 21:04:01,30.3658,-88.5561,87.57,67,0,9.22
414,Nagai,JP,2022-05-06 21:05:48,38.1036,140.035,56.3,84,0,1.43
415,Blytheville,US,2022-05-06 21:06:49,35.9273,-89.919,69.78,64,100,12.66
416,Byron Bay,AU,2022-05-06 21:03:23,-28.65,153.6167,64.71,91,99,6.17
417,Nouadhibou,MR,2022-05-06 21:06:49,20.931,-17.0347,65.93,81,4,19.53
418,Abu Zabad,SD,2022-05-06 21:06:50,12.35,29.25,86.27,12,28,12.21
419,Komsomolskiy,UZ,2022-05-06 21:06:50,40.4272,71.7189,65.12,59,56,6.91
420,Yeppoon,AU,2022-05-06 21:06:51,-23.1333,150.7333,69.58,86,100,7.31
421,Litovko,RU,2022-05-06 21:06:52,49.2361,135.1742,41.18,70,19,4.59
422,Filadelfia,US,2022-05-06 21:05:31,39.9523,-75.1638,54.55,92,100,20.71
423,Bridlington,GB,2022-05-06 21:06:52,54.0831,-0.1919,55.89,95,100,5.91
424,Traverse City,US,2022-05-06 21:06:53,44.7631,-85.6206,68.2,32,75,16.11
425,Beausejour,CA,2022-05-06 21:06:53,50.0622,-96.5167,72.81,38,99,17.92
426,Baykit,RU,2022-05-06 21:06:54,61.67,96.37,31.32,97,57,2.64
427,Broome,US,2022-05-06 21:06:54,42.2506,-75.833,58.19,78,100,8.05
428,Nantucket,US,2022-05-06 21:06:32,41.2835,-70.0995,55.45,92,100,8.05
429,Fairbanks,US,2022-05-06 21:06:55,64.8378,-147.7164,52.14,62,0,5.75
430,Nileshwar,IN,2022-05-06 21:06:56,12.25,75.1,78.78,81,90,6.22
431,Kaoma,ZM,2022-05-06 21:06:56,-14.7833,24.8,61.9,71,8,4.03
432,Alofi,NU,2022-05-06 21:06:57,-19.0595,-169.9187,80.37,69,40,7.61
433,Ponca City,US,2022-05-06 21:02:17,36.707,-97.0856,70.95,64,40,0.0
434,Tuatapere,NZ,2022-05-06 21:06:57,-46.1333,167.6833,56.34,87,100,6.13
435,Areosa,PT,2022-05-06 21:06:58,41.7178,-8.8571,61.47,65,58,3.94
436,Port-Gentil,GA,2022-05-06 21:06:59,-0.7193,8.7815,80.31,83,100,4.81
437,Motala,SE,2022-05-06 21:06:59,58.5371,15.0365,51.93,88,60,13.27
438,Calvinia,ZA,2022-05-06 21:07:00,-31.4707,19.776,48.0,94,56,4.25
439,Faanui,PF,2022-05-06 21:03:33,-16.4833,-151.75,81.45,73,4,3.02
440,Vila,PT,2022-05-06 21:07:01,42.0304,-8.1588,58.08,68,89,3.71
441,Gao,ML,2022-05-06 21:05:19,16.6362,1.637,95.61,13,100,17.63
442,Channarayapatna,IN,2022-05-06 21:07:01,12.9044,76.3917,76.96,67,92,4.88
443,Dehui,CN,2022-05-06 21:07:02,44.5333,125.7,43.14,32,65,10.33
444,Tilichiki,RU,2022-05-06 21:07:03,60.4667,166.1,28.81,96,99,4.29
445,Port Hawkesbury,CA,2022-05-06 21:07:03,45.6169,-61.3485,44.19,70,45,7.0
446,Siocon,PH,2022-05-06 21:07:04,7.7061,122.1353,78.71,84,100,3.24
447,Sirnak,TR,2022-05-06 21:07:04,37.5228,42.4594,48.09,72,76,4.83
448,Betamcherla,IN,2022-05-06 21:07:05,15.4667,78.1667,87.15,46,94,5.48
449,Chancay,PE,2022-05-06 21:07:05,-11.5714,-77.2672,69.53,75,9,8.25
450,Abnub,EG,2022-05-06 21:07:06,27.2696,31.1511,71.83,24,0,8.19
451,Brodokalmak,RU,2022-05-06 21:07:07,55.5748,62.082,31.1,64,7,9.66
452,Samarai,PG,2022-05-06 21:07:07,-10.6167,150.6667,82.58,78,28,8.37
453,Severo-Yeniseyskiy,RU,2022-05-06 21:07:08,60.3725,93.0408,31.57,92,73,5.64
454,Sao Joao Da Barra,BR,2022-05-06 21:07:08,-21.6403,-41.0511,75.29,68,33,16.02
455,Poronaysk,RU,2022-05-06 21:07:09,49.2167,143.1167,46.69,71,100,9.1
456,Tooele,US,2022-05-06 21:07:10,40.5308,-112.2983,75.58,35,0,6.91
457,Kasongo-Lunda,CD,2022-05-06 21:07:10,-6.4667,16.8167,77.31,70,81,2.39
458,Tomatlan,MX,2022-05-06 21:07:11,19.9333,-105.25,87.93,43,54,11.61
459,Los Llanos De Aridane,ES,2022-05-06 21:07:11,28.6585,-17.9182,64.15,88,0,12.66
460,Soyo,AO,2022-05-06 21:07:12,-6.1349,12.3689,77.83,90,39,6.76
461,Kangaatsiaq,GL,2022-05-06 21:07:12,68.3065,-53.4641,23.05,80,13,8.59
462,Necochea,AR,2022-05-06 21:08:13,-38.5473,-58.7368,58.55,74,25,3.85
463,Houma,US,2022-05-06 21:05:22,29.5958,-90.7195,89.01,68,0,4.0
464,Luwuk,ID,2022-05-06 21:08:14,-0.9516,122.7875,77.76,85,39,1.5
465,Wagar,SD,2022-05-06 21:08:14,16.1525,36.2032,91.67,32,43,11.3
466,Pantai Remis,MY,2022-05-06 21:08:15,4.4557,100.6288,78.48,90,100,9.84
467,Havre-Saint-Pierre,CA,2022-05-06 21:08:15,50.2334,-63.5986,38.62,58,96,7.16
468,That Phanom,TH,2022-05-06 21:08:16,16.9364,104.7104,74.46,89,94,4.0
469,Martapura,ID,2022-05-06 21:04:27,-3.4167,114.85,75.29,100,72,2.3
470,Itaituba,BR,2022-05-06 21:08:16,-4.2761,-55.9836,80.33,84,98,1.07
471,Auki,SB,2022-05-06 21:08:17,-8.7676,160.7034,81.03,79,11,4.68
472,Steamboat Springs,US,2022-05-06 21:08:17,40.485,-106.8317,69.71,22,0,23.02
473,Sengiley,RU,2022-05-06 21:08:18,53.9622,48.7944,40.55,62,17,6.38
474,Sabha,LY,2022-05-06 21:08:19,27.0377,14.4283,83.97,13,99,9.66
475,Stornoway,GB,2022-05-06 21:08:19,58.2093,-6.3865,46.92,82,75,3.44
476,Nuuk,GL,2022-05-06 21:08:20,64.1835,-51.7216,32.61,59,20,6.91
477,Mumford,GH,2022-05-06 21:08:20,5.2618,-0.759,76.01,87,100,7.83
478,Ofunato,JP,2022-05-06 21:08:21,39.0717,141.7167,55.04,89,22,3.11
479,Presidente Epitacio,BR,2022-05-06 21:08:22,-21.7633,-52.1156,72.7,51,0,9.17
480,Ust-Nera,RU,2022-05-06 21:08:22,64.5667,143.2,29.21,92,98,4.85
481,Multai,IN,2022-05-06 21:08:23,21.7667,78.25,85.24,22,49,5.75
482,Kisangani,CD,2022-05-06 21:08:23,0.5167,25.2,69.55,99,100,1.39
483,Nurota,UZ,2022-05-06 21:08:24,40.5614,65.6886,73.78,44,5,6.76
484,Warangal,IN,2022-05-06 21:05:58,18.0,79.5833,84.67,59,100,13.29
485,Kuopio,FI,2022-05-06 21:08:25,62.8924,27.677,48.15,66,0,8.05
486,Jalu,LY,2022-05-06 21:08:25,29.0331,21.5482,78.13,20,99,16.64
487,Sorland,NO,2022-05-06 21:08:26,67.667,12.6934,42.28,77,44,39.03
488,Quatre Cocos,MU,2022-05-06 21:08:26,-20.2078,57.7625,75.31,66,98,15.79
489,Dhidhdhoo,MV,2022-05-06 21:08:27,6.8833,73.1,83.62,76,78,9.33
490,Mitchell,US,2022-05-06 21:03:36,43.7094,-98.0298,66.18,66,20,17.27
491,Oktyabrskoye,RU,2022-05-06 21:08:28,43.0645,44.7417,42.94,93,100,6.71
492,Saint Anthony,US,2022-05-06 21:08:28,45.0205,-93.218,72.95,25,0,9.22
493,Ambilobe,MG,2022-05-06 21:08:29,-13.2,49.05,71.94,86,0,3.71
494,Berlevag,NO,2022-05-06 21:08:30,70.8578,29.0864,39.2,75,0,5.75
495,Feijo,BR,2022-05-06 21:08:30,-8.1642,-70.3536,81.97,72,99,1.16
496,Catio,GW,2022-05-06 21:08:31,11.2833,-15.25,79.09,68,16,10.0
497,Jaque,PA,2022-05-06 21:08:31,7.5175,-78.1703,76.5,91,100,1.19
498,Qena,EG,2022-05-06 21:08:32,26.1615,32.7183,74.25,23,0,12.37
499,Nabire,ID,2022-05-06 21:08:32,-3.3667,135.4833,76.78,90,64,2.64
500,Nenjiang,CN,2022-05-06 21:08:33,49.1833,125.2167,37.26,44,55,9.13
501,Vega De Alatorre,MX,2022-05-06 21:08:33,20.0333,-96.6333,88.57,64,19,10.67
502,Estelle,US,2022-05-06 21:08:34,29.8458,-90.1067,90.0,51,40,8.05
503,Dongsheng,CN,2022-05-06 21:08:35,39.8161,109.9776,45.14,23,77,19.42
504,Dori,BF,2022-05-06 21:08:35,14.0354,-0.0345,97.79,18,100,9.26
505,La Ronge,CA,2022-05-06 21:08:36,55.1001,-105.2842,61.02,59,100,11.5
506,Kudahuvadhoo,MV,2022-05-06 21:08:36,2.6708,72.8944,83.77,77,50,14.52
507,Tieli,CN,2022-05-06 21:08:37,46.95,128.05,39.31,90,100,3.94
508,Kualakapuas,ID,2022-05-06 21:09:39,-3.0091,114.3876,74.93,94,90,2.91
509,Broken Hill,AU,2022-05-06 21:09:40,-31.95,141.4333,46.44,76,1,5.35
510,San Ramon,US,2022-05-06 21:09:40,37.7799,-121.978,75.92,70,0,17.27
511,Srandakan,ID,2022-05-06 21:09:41,-7.9386,110.2506,77.14,90,97,3.83
512,Sulangan,PH,2022-05-06 21:09:42,11.1373,123.7228,82.53,78,16,13.13
513,Santiago,CL,2022-05-06 21:09:11,-33.4569,-70.6483,76.44,31,0,8.05
514,Plettenberg Bay,ZA,2022-05-06 21:09:42,-34.0527,23.3716,61.3,86,100,10.94
515,Verkhoyansk,RU,2022-05-06 21:09:43,67.5447,133.385,23.67,88,73,6.78
516,Awjilah,LY,2022-05-06 21:09:44,29.1081,21.2869,78.73,20,100,16.15
517,Taoudenni,ML,2022-05-06 21:08:22,22.6783,-3.9836,91.67,11,2,11.74
518,Doha,QA,2022-05-06 21:05:49,25.2867,51.5333,87.78,48,0,9.22
519,Ibra,OM,2022-05-06 21:09:44,22.6906,58.5334,75.67,72,0,2.15
520,Dangtu,CN,2022-05-06 21:09:45,31.5723,118.4928,66.67,63,89,4.36
521,Dong Hoi,VN,2022-05-06 21:09:46,17.4833,106.6,75.92,92,95,3.0
522,Acapulco,MX,2022-05-06 21:09:46,16.8634,-99.8901,85.82,66,20,11.5
523,Innisfail,AU,2022-05-06 21:09:47,-17.5333,146.0333,74.3,87,100,4.45
524,Montepuez,MZ,2022-05-06 21:09:47,-13.1256,38.9997,67.05,90,66,4.09
525,Miyako,JP,2022-05-06 21:09:48,39.6367,141.9525,55.54,83,0,10.25
526,Port Keats,AU,2022-05-06 21:09:48,-14.25,129.55,72.48,41,0,12.73
527,Yumen,CN,2022-05-06 21:09:49,40.2833,97.2,55.09,16,100,8.05
528,Tortoli,IT,2022-05-06 21:09:49,39.9256,9.6572,60.85,87,96,11.21
529,Galle,LK,2022-05-06 21:09:50,6.0367,80.217,81.79,85,100,11.23
530,Skovorodino,RU,2022-05-06 21:09:50,53.9833,123.9167,32.76,82,62,3.85
531,Murree,PK,2022-05-06 21:09:51,33.9073,73.393,59.25,45,1,8.86
532,Turayf,SA,2022-05-06 21:09:51,31.6725,38.6637,56.75,41,2,16.42
533,Xichang,CN,2022-05-06 21:09:52,27.8964,102.2634,58.95,76,15,1.45
534,Aras,ES,2022-05-06 21:09:52,42.5617,-2.356,52.21,67,0,3.44
535,Iralaya,HN,2022-05-06 21:09:53,15.0,-83.2333,82.94,75,92,9.82
536,Ratnagiri,IN,2022-05-06 21:09:53,16.9833,73.3,81.3,81,6,8.5
537,Ha Giang,VN,2022-05-06 21:09:54,22.8333,104.9833,69.17,97,99,1.9
538,Tlapehuala,MX,2022-05-06 21:09:55,18.2167,-100.5167,108.99,11,68,4.38
539,Imbituba,BR,2022-05-06 21:09:55,-28.24,-48.6703,63.32,74,2,6.44
540,Nanakuli,US,2022-05-06 21:09:56,21.3906,-158.1547,78.75,64,100,9.22
541,Opaka,BG,2022-05-06 21:09:56,43.45,26.1667,46.65,79,50,7.18
542,Khani,GE,2022-05-06 21:09:57,41.9563,42.9566,44.17,99,100,2.8
543,Ulladulla,AU,2022-05-06 21:09:57,-35.35,150.4667,50.97,58,86,8.79
544,Tezu,IN,2022-05-06 21:09:58,27.9167,96.1667,72.72,68,0,4.09
545,Pangnirtung,CA,2022-05-06 21:09:58,66.1451,-65.7125,19.56,93,97,3.38
546,Maanshan,CN,2022-05-06 21:09:59,31.6957,118.4983,66.87,62,71,4.54
547,Dhemaji,IN,2022-05-06 21:06:26,27.4833,94.5833,73.51,75,0,5.21
548,Rosa Zarate,EC,2022-05-06 21:10:00,0.3333,-79.4667,81.36,78,82,4.03
549,Mitu,CO,2022-05-06 21:10:01,1.1983,-70.1733,79.72,89,85,1.48
550,Kallidaikurichchi,IN,2022-05-06 21:10:01,8.6667,77.4833,81.48,78,13,6.53
551,Chokwe,MZ,2022-05-06 21:10:02,-24.5333,32.9833,67.19,74,0,3.31
552,Tripoli,LY,2022-05-06 21:09:42,32.8752,13.1875,64.54,65,0,5.95
553,Naryan-Mar,RU,2022-05-06 21:10:03,67.6713,53.087,28.69,87,99,14.34
554,Tanete,ID,2022-05-06 21:11:04,-3.9443,119.7848,74.62,97,89,2.1
555,Utmanzai,PK,2022-05-06 21:11:04,34.188,71.7629,77.61,32,0,5.23
556,Marchena,ES,2022-05-06 21:11:05,37.329,-5.4168,72.16,59,20,7.56
557,Lewisporte,CA,2022-05-06 21:09:54,49.2499,-55.0482,33.55,72,99,9.19
558,Cap Malheureux,MU,2022-05-06 21:11:05,-19.9842,57.6142,75.47,63,89,4.0
559,Kuryk,KZ,2022-05-06 21:11:06,43.2,51.65,61.79,60,1,19.93
560,Yar-Sale,RU,2022-05-06 21:11:07,66.8333,70.8333,4.66,97,44,9.35
561,Sacile,IT,2022-05-06 21:11:07,45.9541,12.5029,60.01,86,100,1.01
562,Nexo,DK,2022-05-06 21:11:08,55.0607,15.1306,46.49,83,23,10.29
563,Le Vauclin,MQ,2022-05-06 21:08:18,14.5452,-60.8388,82.45,74,75,13.8
564,West Wendover,US,2022-05-06 21:09:07,40.7391,-114.0733,78.01,19,0,9.22
565,Tupi Paulista,BR,2022-05-06 21:11:09,-21.3811,-51.5706,69.87,47,0,7.36
566,Chamonix-Mont-Blanc,FR,2022-05-06 21:09:07,45.9238,6.8693,50.85,93,96,4.59
567,Hermiston,US,2022-05-06 21:10:15,45.8404,-119.2895,62.42,82,100,6.91
568,Nadym,RU,2022-05-06 21:11:10,65.5333,72.5167,13.39,88,100,15.19
569,Susehri,TR,2022-05-06 21:11:11,40.1644,38.0867,42.4,95,100,5.03
570,Zhuhai,CN,2022-05-06 21:11:11,22.2769,113.5678,76.86,88,20,4.61
